{
  "acc_rect": 0.75,
  "acc_3feat": 0.864,
  "acc_7feat": 0.9286666666666666,
  "signal_efficiency": 0.9305,
  "background_efficiency": 0.0726,
  "n_sig_pass": 9305,
  "n_bkg_pass": 726,
  "signal_efficiency_punzi": 0.5903,
  "background_efficiency_punzi": 0.0072,
  "punzi_threshold": 0.6261872909698997,
  "T95_punzi_years": 0.5,
  "median_significance_1yr_punzi": 10.88563765009862
}