Rank,Feature,FisherScore
1,VertexChisq,5733.342921149832
2,MASS,3507.9913256535333
3,Isolation,2291.812069494493
4,P2,663.0528741822442
5,P1,657.405893262541
6,TotalPT,402.24580618901933
7,PT1,308.93683208599424
8,PT2,284.78154372114517
