{
  "classifier": "HistGradientBoostingClassifier",
  "features": [
    "PT1",
    "PT2",
    "P1",
    "P2",
    "TotalPT",
    "VertexChisq",
    "Isolation"
  ],
  "cv_results": {
    "AdaBoost": {
      "folds": [
        0.925,
        0.923,
        0.92,
        0.932,
        0.9255,
        0.935,
        0.9215,
        0.9295,
        0.94,
        0.936
      ],
      "mean": 0.92875,
      "std": 0.006450775147220676
    },
    "GradBoost": {
      "folds": [
        0.9695,
        0.9705,
        0.977,
        0.977,
        0.9665,
        0.9685,
        0.964,
        0.9685,
        0.9745,
        0.972
      ],
      "mean": 0.9708,
      "std": 0.004112177038990412
    }
  },
  "improved_punzi_threshold": 0.9572240802675585,
  "signal_efficiency_improved_punzi": 0.7082,
  "background_efficiency_improved_punzi": 0.0012
}