{
  "classifier": "HistGradientBoostingClassifier",
  "features": [
    "PT1",
    "PT2",
    "P1",
    "P2",
    "TotalPT",
    "VertexChisq",
    "Isolation"
  ],
  "cv_results": {
    "AdaBoost": {
      "folds": [
        0.932,
        0.9215,
        0.934,
        0.9375,
        0.9275,
        0.9375,
        0.921,
        0.929,
        0.9215,
        0.9305
      ],
      "mean": 0.9292,
      "std": 0.0059924953066314585
    },
    "GradBoost": {
      "folds": [
        0.968,
        0.9635,
        0.9705,
        0.9745,
        0.9705,
        0.974,
        0.966,
        0.9695,
        0.9755,
        0.9745
      ],
      "mean": 0.97065,
      "std": 0.0038147739120425036
    }
  },
  "test_metrics": {
    "AdaBoost": {
      "accuracy": 0.9286666666666666,
      "sig_eff": 0.9313333333333333,
      "bkg_eff": 0.074
    },
    "GradBoost": {
      "accuracy": 0.9695,
      "sig_eff": 0.9853333333333333,
      "bkg_eff": 0.04633333333333333
    }
  },
  "signal_efficiency_improved": 0.9894,
  "background_efficiency_improved": 0.0391
}