{
  "cv_results": {
    "AdaBoost (7 raw)": {
      "test_mean": 0.9292,
      "test_std": 0.0059924953066314585,
      "train_mean": 0.9301666666666666,
      "train_std": 0.0021112573048796017,
      "folds": [
        0.932,
        0.9215,
        0.934,
        0.9375,
        0.9275,
        0.9375,
        0.921,
        0.929,
        0.9215,
        0.9305
      ]
    },
    "AdaBoost (13 eng)": {
      "test_mean": 0.9397500000000001,
      "test_std": 0.006724024092758735,
      "train_mean": 0.9419444444444445,
      "train_std": 0.0015450038954763488,
      "folds": [
        0.9395,
        0.9245,
        0.9455,
        0.945,
        0.9425,
        0.9475,
        0.931,
        0.939,
        0.9395,
        0.9435
      ]
    },
    "GradBoost (7 raw)": {
      "test_mean": 0.97065,
      "test_std": 0.0038147739120425036,
      "train_mean": 0.977911111111111,
      "train_std": 0.0008210953238596501,
      "folds": [
        0.968,
        0.9635,
        0.9705,
        0.9745,
        0.9705,
        0.974,
        0.966,
        0.9695,
        0.9755,
        0.9745
      ]
    },
    "GradBoost (13 eng)": {
      "test_mean": 0.97305,
      "test_std": 0.0029278831943914674,
      "train_mean": 0.9817611111111111,
      "train_std": 0.00048689619143568296,
      "folds": [
        0.97,
        0.9685,
        0.972,
        0.9745,
        0.973,
        0.979,
        0.97,
        0.9735,
        0.975,
        0.975
      ]
    }
  },
  "detail_results": {
    "AdaBoost (7 raw)": {
      "accuracy": 0.9286666666666666,
      "sig_eff": 0.9313333333333333,
      "bkg_eff": 0.074,
      "bkg_rej": 0.926
    },
    "AdaBoost (13 eng)": {
      "accuracy": 0.9376666666666666,
      "sig_eff": 0.943,
      "bkg_eff": 0.06766666666666667,
      "bkg_rej": 0.9323333333333333
    },
    "GradBoost (7 raw)": {
      "accuracy": 0.9695,
      "sig_eff": 0.9853333333333333,
      "bkg_eff": 0.04633333333333333,
      "bkg_rej": 0.9536666666666667
    },
    "GradBoost (13 eng)": {
      "accuracy": 0.9726666666666667,
      "sig_eff": 0.9886666666666667,
      "bkg_eff": 0.043333333333333335,
      "bkg_rej": 0.9566666666666667
    }
  },
  "signal_efficiency_improved": 0.9926,
  "background_efficiency_improved": 0.0345,
  "sensitivity_gain": 1.547450110009509,
  "engineered_features": [
    "PT_asym",
    "P_asym",
    "PT_ratio",
    "log_VtxChi2",
    "log1p_TotPT",
    "Iso_x_VtxChi2"
  ],
  "all_features": [
    "PT1",
    "PT2",
    "P1",
    "P2",
    "TotalPT",
    "VertexChisq",
    "Isolation",
    "PT_asym",
    "P_asym",
    "PT_ratio",
    "log_VtxChi2",
    "log1p_TotPT",
    "Iso_x_VtxChi2"
  ]
}