{
  "classifier": "HistGradientBoostingClassifier",
  "features": [
    "PT1",
    "PT2",
    "P1",
    "P2",
    "TotalPT",
    "VertexChisq",
    "Isolation"
  ],
  "cv_results": {
    "AdaBoost": {
      "folds": [
        0.932,
        0.9215,
        0.934,
        0.9375,
        0.9275,
        0.9375,
        0.921,
        0.929,
        0.9215,
        0.9305
      ],
      "mean": 0.9292,
      "std": 0.0059924953066314585
    },
    "GradBoost": {
      "folds": [
        0.968,
        0.9635,
        0.9705,
        0.9745,
        0.9705,
        0.974,
        0.966,
        0.9695,
        0.9755,
        0.9745
      ],
      "mean": 0.97065,
      "std": 0.0038147739120425036
    }
  },
  "improved_punzi_threshold": 0.9572240802675585,
  "signal_efficiency_improved_punzi": 0.7082,
  "background_efficiency_improved_punzi": 0.0012
}