{
  "classifier": "HistGradientBoostingClassifier",
  "features": [
    "PT1",
    "PT2",
    "P1",
    "P2",
    "TotalPT",
    "VertexChisq",
    "Isolation"
  ],
  "best_params": {
    "learning_rate": 0.2,
    "max_depth": 5
  },
  "best_cv_accuracy": 0.982,
  "cv_grid_mean_scores": [
    [
      0.9522,
      0.9609,
      0.9675
    ],
    [
      0.9633499999999999,
      0.9708,
      0.9762000000000001
    ],
    [
      0.9740499999999999,
      0.9798499999999999,
      0.982
    ]
  ],
  "cv_grid_std_scores": [
    [
      0.0053953683840865,
      0.004029888335921982,
      0.0035284557528754653
    ],
    [
      0.004364916952245494,
      0.004112177038990412,
      0.0030919249667480573
    ],
    [
      0.0038499999999999997,
      0.003008737276666084,
      0.003000000000000023
    ]
  ],
  "cv_grid_depths": [
    3,
    4,
    5
  ],
  "cv_grid_learning_rates": [
    0.05,
    0.1,
    0.2
  ],
  "improved_punzi_threshold": 0.970334448160535,
  "signal_efficiency_improved_punzi": 0.8738,
  "background_efficiency_improved_punzi": 0.0002,
  "median_significance_1yr_improved_punzi": 15.512446682337607,
  "T95_improved_punzi_years": 0.3
}