{
  "punzi_threshold": 0.6261872909698997,
  "signal_efficiency_punzi": 0.5903,
  "background_efficiency_punzi": 0.0072,
  "median_significance_1yr_punzi": 10.841514823311215,
  "T95_punzi_years": 0.5
}